"CRASH_ID","SER_NO","CRASH_DT","CRASH_MO_NO","CRASH_DAY_NO","CRASH_YR_NO","CRASH_WK_DAY_CD","CRASH_HR_NO","CRASH_HR_SHORT_DESC","CNTY_ID","CNTY_NM","CITY_SECT_ID","CITY_SECT_NM","URB_AREA_CD","URB_AREA_SHORT_NM","FC_CD","FC_SHORT_DESC","NHS_FLG","HWY_NO","HWY_SFX_NO","HWY_MED_NM","RDWY_NO","HWY_COMPNT_CD","HWY_COMPNT_SHORT_DESC","MLGE_TYP_CD","MLGE_TYP_SHORT_DESC","RD_CON_NO","LRS_VAL","LAT_DEG_NO","LAT_MINUTE_NO","LAT_SEC_NO","LONGTD_DEG_NO","LONGTD_MINUTE_NO","LONGTD_SEC_NO","LAT_DD","LONGTD_DD","SPECL_JRSDCT_ID","SPECL_JRSDCT_SHORT_DESC","JRSDCT_GRP_CD","JRSDCT_GRP_LONG_DESC","AGY_ST_NO","ST_FULL_NM","RECRE_RD_NM","ISECT_AGY_ST_NO","ISECT_ST_FULL_NM","ISECT_RECRE_RD_NM","ISECT_SEQ_NO","FROM_ISECT_DSTNC_QTY","CMPSS_DIR_CD","MP_NO","POST_SPEED_LMT_VAL","RD_CHAR_CD","RD_CHAR_SHORT_DESC","OFF_RDWY_FLG","ISECT_TYP_CD","ISECT_TYP_SHORT_DESC","ISECT_REL_FLG","RNDABT_FLG","DRVWY_REL_FLG","LN_QTY","TURNG_LEG_QTY","MEDN_TYP_CD","MEDN_TYP_SHORT_DESC","IMPCT_LOC_CD","CRASH_TYP_CD","CRASH_TYP_SHORT_DESC","COLLIS_TYP_CD","COLLIS_TYP_SHORT_DESC","CRASH_SVRTY_CD","CRASH_SVRTY_SHORT_DESC","WTHR_COND_CD","WTHR_COND_SHORT_DESC","RD_SURF_COND_CD","RD_SURF_SHORT_DESC","LGT_COND_CD","LGT_COND_SHORT_DESC","TRAF_CNTL_DEVICE_CD","TRAF_CNTL_DEVICE_SHORT_DESC","TRAF_CNTL_FUNC_FLG","INVSTG_AGY_CD","INVSTG_AGY_SHORT_DESC","CRASH_EVNT_1_CD","CRASH_EVNT_1_SHORT_DESC","CRASH_EVNT_2_CD","CRASH_EVNT_2_SHORT_DESC","CRASH_EVNT_3_CD","CRASH_EVNT_3_SHORT_DESC","CRASH_CAUSE_1_CD","CRASH_CAUSE_1_SHORT_DESC","CRASH_CAUSE_2_CD","CRASH_CAUSE_2_SHORT_DESC","CRASH_CAUSE_3_CD","CRASH_CAUSE_3_SHORT_DESC","SCHL_ZONE_IND","WRK_ZONE_IND","ALCHL_INVLV_FLG","DRUG_INVLV_FLG","MJ_INVLV_FLG","CRASH_SPEED_INVLV_FLG","CRASH_HIT_RUN_FLG","POP_RNG_CD","POP_RNG_MED_DESC","RD_CNTL_CD","RD_CNTL_MED_DESC","RTE_TYP_CD","RTE_ID","RTE_NM","REG_ID","DIST_ID","SEG_MRK_ID","SEG_PT_LRS_MEAS","UNLOCT_FLG","CRASH_LAST_UD_DT","TOT_VHCL_CNT","TOT_FATAL_CNT","TOT_INJ_LVL_A_CNT","TOT_INJ_LVL_B_CNT","TOT_INJ_LVL_C_CNT","TOT_INJ_CNT","TOT_UNINJD_AGE00_04_CNT","TOT_UNINJD_PER_CNT","TOT_PED_CNT","TOT_PED_FATAL_CNT","TOT_PED_INJ_LVL_A_CNT","TOT_PED_INJ_CNT","TOT_PEDCYCL_CNT","TOT_PEDCYCL_FATAL_CNT","TOT_PEDCYCL_INJ_LVL_A_CNT","TOT_PEDCYCL_INJ_CNT","TOT_UNKNWN_CNT","TOT_UNKNWN_FATAL_CNT","TOT_UNKNWN_INJ_CNT","TOT_OCCUP_CNT","TOT_PER_INVLV_CNT","TOT_SFTY_EQUIP_USED_QTY","TOT_SFTY_EQUIP_UNUSED_QTY","TOT_SFTY_EQUIP_USE_UNKNOWN_QTY","TOT_PSNGR_VHCL_OCC_UNRESTRND_FATAL_CNT","TOT_MCYCLST_FATAL_CNT","TOT_MCYCLST_INJ_LVL_A_CNT","TOT_MCYCLST_INJ_CNT","TOT_MCYCLST_UNHELMTD_FATAL_CNT","TOT_ALCHL_IMPAIRED_DRVR_INV_FATAL_CNT","TOT_DRVR_AGE_01_20_CNT","LANE_RDWY_DPRT_CRASH_FLG"
"1724284","01578","2017-04-24 00:00:00","04","24","2017","2","12","12P","24","Marion","184","Salem","67","SALEM-KZ UA    ","14","U PR-ART","True","","","","","","","","","","","44","57","4.430000000000000","-122","59","1.350000000000000","44.951230555555000","-122.983708333333333","","","","","01408  ","LANCASTER DR NE             ","","01520  ","MARKET ST NE                ","","1","322","1","","","3","STRGHT  ","False","","","True","False","False","4","","0","NONE ","08","E","S-1STOP   ","3","REAR    ","4","INJ","1","CLR ","1","DRY ","1","DAY ","099","UNKNOWN   ","True","3","CITY  ","","","","","","","27","INATTENT","07","TOO-CLOS","","","0","0","False","False","False","False","False","8","100,001 to 200,000","3","URBAN CITY STREET ","","","","2","03 ","53_10005556","386.829229006519","False","2018-08-08 08:46:56","2","0","0","0","1","1","1","4","0","0","0","0","0","0","0","0","0","0","0","5","5","3","1","1","0","0","0","0","0","0","1","N"
"1724309","00238","2017-01-16 00:00:00","01","16","2017","2","13","1P ","20","Lane","64","Eugene","25","EUGN-SPR UA    ","14","U PR-ART","True","227","  ","EUGENE-SPRINGFIELD","1","6","CN","0","R","1","0227AI100S00","44","3","36.310000000000000","-123","4","55.560000000000000","44.060086111111000","-123.082099999999667","","","","","00422  ","CENTENNIAL / MLK JR         ","","00445  ","COBURG RD                   ","","1","","6","1.8","30","1","INTER   ","False","1","CROSS  ","False","False","False","","2","","","06","E","S-1STOP   ","3","REAR    ","4","INJ","2","CLD ","2","WET ","1","DAY ","001","TRF SIGNAL","True","0","NONE  ","","","","","","","29","F AVOID ","","","","","0","0","False","False","False","False","False","8","100,001 to 200,000","4","URBAN HWY SYSTEM","IS","105  ","IS 105    ","2","05 ","293_10065","375.297200000001","False","2018-08-07 17:39:24","2","0","0","0","1","1","0","1","0","0","0","0","0","0","0","0","0","0","0","2","2","2","0","0","0","0","0","0","0","0","0","N"
"1724318","14416","2017-12-24 00:00:00","12","24","2017","1","18","6P ","26","Multnomah","243","Portland NE","57","PORTLAND UA    ","11","U INTRST","True","002","  ","COLUMBIA RIVER","2","0","MN","0","R","","000200200S00","45","34","19.330000000000000","-122","36","38.170000000000000","45.572036111110667","-122.610602777777000","","","","","00305  ","BANFIELD FY                 ","","00000  ","                            ","","","","0","999.99","","3","STRGHT  ","False","","","False","False","False","6","","1","RSDMD","07","C","S-STRGHT  ","5","SS-O    ","5","PDO","0","UNK ","4","ICE ","2","DLIT","099","UNKNOWN   ","True","5","NO RPT","089","OTHR CRASH","","","","","05","LEFT-CTR","","","","","","","False","False","False","False","False","9","Over 200,000","2","PORTLAND HWY SYSTEM","","","","1","02B","","","True","2018-08-08 09:08:03","2","0","0","0","0","0","0","6","0","0","0","0","0","0","0","0","0","0","0","6","6","6","0","0","0","0","0","0","0","0","0","N"
"1724343","04630","2017-05-02 00:00:00","05","02","2017","3","15","3P ","26","Multnomah","247","Portland SW","57","PORTLAND UA    ","12","U FWY/XP","True","047","  ","SUNSET","1","0","MN","0","R","","004700100S00","45","30","28.460000000000000","-122","43","19.200000000000000","45.507905555555000","-122.721999999999667","","","","","02950  ","EB SUNSET HY                ","","09604  ","EB EX KNIGHTS BV C1         ","","1","","7","72.01","50","3","STRGHT  ","False","","","False","False","False","7","","1","RSDMD","03","C","S-STRGHT  ","3","REAR    ","5","PDO","0","UNK ","0","UNK ","1","DAY ","099","UNKNOWN   ","True","0","NONE  ","","","","","","","29","F AVOID ","","","","","","","False","False","False","False","False","9","Over 200,000","2","PORTLAND HWY SYSTEM","US","26   ","US 26     ","1","02B","293_6531","2915.3449251191","False","2018-08-08 09:08:04","2","0","0","0","0","0","0","2","0","0","0","0","0","0","0","0","0","0","0","2","2","0","0","2","0","0","0","0","0","0","0","N"
"1724352","00266","2017-01-20 00:00:00","01","20","2017","6","09","9A ","20","Lane","64","Eugene","25","EUGN-SPR UA    ","17","U MJ-COL","False","","","","","","","","","","","44","4","49.010000000000000","-123","4","4.580000000000000","44.080280555554667","-123.067938888888667","","","","","02726  ","WILLAKENZIE RD              ","","00445  ","COBURG RD                   ","","1","50","7","","30","3","STRGHT  ","False","","","True","False","False","4","","0","NONE ","06","E","S-1STOP   ","3","REAR    ","4","INJ","1","CLR ","1","DRY ","1","DAY ","001","TRF SIGNAL","True","0","NONE  ","","","","","","","29","F AVOID ","","","","","0","0","False","False","False","False","False","8","100,001 to 200,000","3","URBAN CITY STREET ","","","","2","05 ","277_3966","2010.33137893768","False","2018-08-07 17:39:24","2","0","0","0","1","1","0","1","0","0","0","0","0","0","0","0","0","0","0","2","2","1","0","1","0","0","0","0","0","0","1","N"
"1724386","04624","2017-05-02 00:00:00","05","02","2017","3","20","8P ","26","Multnomah","243","Portland NE","57","PORTLAND UA    ","11","U INTRST","True","002","  ","COLUMBIA RIVER","1","0","MN","0","R","","000200100S00","45","32","3.480000000000000","-122","35","29.340000000000000","45.534299999999333","-122.591483333333333","","","","","00305  ","BANFIELD FY                 ","","09522  ","EB EX HALSY-68TH C1         ","","1","","2","4.37","55","3","STRGHT  ","False","","","False","False","False","6","","1","RSDMD","03","C","S-STRGHT  ","3","REAR    ","5","PDO","3","RAIN","2","WET ","2","DLIT","099","UNKNOWN   ","True","0","NONE  ","","","","","","","29","F AVOID ","","","","","","","False","False","False","False","False","9","Over 200,000","2","PORTLAND HWY SYSTEM","IS","84   ","I-84      ","1","02B","293_3788","1318.09597616053","False","2018-08-08 09:08:02","2","0","0","0","0","0","0","2","0","0","0","0","0","0","0","0","0","0","0","2","2","0","0","2","0","0","0","0","0","0","0","N"
"1724420","07810","2017-12-07 00:00:00","12","07","2017","5","13","1P ","34","Washington","211","Tigard","57","PORTLAND UA    ","11","U INTRST","True","001","  ","PACIFIC","1","0","MN","0","R","","000100100S00","45","24","3.440000000000000","-122","44","43.630000000000000","45.400955555555000","-122.745452777777333","","","","","01105  ","PACIFIC HY I-5              ","","09401  ","SB EX L BOONES F C4         ","","1","","1","290.8","55","7","GRADE   ","False","","","False","False","False","8","","1","RSDMD","09","C","S-STRGHT  ","3","REAR    ","4","INJ","1","CLR ","1","DRY ","1","DAY ","099","UNKNOWN   ","True","5","NO RPT","","","","","","","29","F AVOID ","","","","","","","False","False","False","False","False","7","50,001 to 100,000","4","URBAN HWY SYSTEM","IS","5    ","I-5       ","1","02B","293_2850","515.961189455895","False","2018-08-08 08:54:47","2","0","0","0","2","2","0","1","0","0","0","0","0","0","0","0","0","0","0","3","3","3","0","0","0","0","0","0","0","0","0","N"
"1724518","13361","2017-12-01 00:00:00","12","01","2017","6","15","3P ","26","Multnomah","243","Portland NE","57","PORTLAND UA    ","11","U INTRST","True","001","  ","PACIFIC","1","0","MN","0","R","","000100100S00","45","31","49.360000000000000","-122","39","55.260000000000000","45.530377777777667","-122.665350000000000","","","","","00302  ","PACIFIC HY I-5              ","","09435  ","SB EF WILLIAMS C5           ","","1","","5","301.99","50","4","TRANS   ","False","","","False","False","False","6","","1","RSDMD","08","C","S-STRGHT  ","5","SS-O    ","5","PDO","1","CLR ","1","DRY ","1","DAY ","017","MEDIAN BAR","True","0","NONE  ","","","","","","","13","IMP LN C","","","","","","","False","False","False","False","False","9","Over 200,000","2","PORTLAND HWY SYSTEM","IS","5    ","I-5       ","1","02B","293_2886","614.335223015789","False","2018-08-08 09:08:03","2","0","0","0","0","0","0","3","0","0","0","0","0","0","0","0","0","0","0","3","3","1","0","2","0","0","0","0","0","0","0","N"
"1724552","14581","2017-12-28 00:00:00","12","28","2017","5","16","4P ","26","Multnomah","247","Portland SW","57","PORTLAND UA    ","12","U FWY/XP","True","047","  ","SUNSET","1","1","CP","0","R","","004700100S00","45","30","55.980000000000000","-122","41","43.930000000000000","45.515550000000000","-122.695536111110333","","","","","02950  ","EB SUNSET HY                ","","09565  ","NB EF SUNSET HY C1          ","","1","","7","73.63","50","9","TUNNEL  ","False","","","False","False","False","3","","0","NONE ","04","E","S-1STOP   ","3","REAR    ","4","INJ","3","RAIN","2","WET ","5","DUSK","015","ONE-WAY   ","True","3","CITY  ","","","","","","","01","TOO-FAST","","","","","0","0","False","False","False","True","True","9","Over 200,000","2","PORTLAND HWY SYSTEM","US","26   ","US 26     ","1","02B","293_6659","3499.2906429118","False","2018-09-05 15:34:03","2","0","0","1","0","1","0","1","0","0","0","0","0","0","0","0","0","0","0","2","2","1","0","1","0","0","0","0","0","0","0","N"
"1724586","02716","2017-07-07 00:00:00","07","07","2017","6","15","3P ","03","Clackamas","","","57","PORTLAND UA    ","11","U INTRST","True","064","  ","EAST PORTLAND FREEWAY","1","0","MN","0","R","","006400100S00","45","27","5.210000000000000","-122","34","19.730000000000000","45.451447222222000","-122.572147222221667","","","","","","                            ","","","                            ","","","","0","15.88","55","3","STRGHT  ","False","","","False","False","False","8","","2","DIVMD","03","C","S-STRGHT  ","5","SS-O    ","5","PDO","1","CLR ","1","DRY ","1","DAY ","099","UNKNOWN   ","True","0","NONE  ","","","","","","","13","IMP LN C","","","","","","","False","False","False","False","False","","","8","SUBURBAN HWY SYSTEM","IS","205  ","IS 205    ","1","02B","293_3391","4080.53653484189","False","2018-04-30 11:20:43","2","0","0","0","0","0","0","5","0","0","0","0","0","0","0","0","0","0","0","5","5","4","0","1","0","0","0","0","0","0","0","N"
"1724679","00062","2017-02-01 00:00:00","02","01","2017","4","22","10P","01","Baker","","","","","01","R INTRST","True","006","  ","OLD OREGON TRAIL","1","0","MN","0","R","","000600100S00","44","57","33.630000000000000","-117","51","44.730000000000000","44.959341666666000","-117.862425000000000","","","","","","                            ","","","                            ","","","","0","291.25","70","5","CURVE   ","True","","","False","False","False","4","","2","DIVMD","06","8","FIX OBJ   ","9","FIX     ","5","PDO","2","CLD ","4","ICE ","3","DARK","099","UNKNOWN   ","True","1","STATE ","079","DITCH     ","010","SUB OTRN  ","124","SLIPPERY  ","01","TOO-FAST","","","","","0","0","False","False","False","True","False","","","5","RURAL HWY SYSTEM","IS","84   ","I-84      ","5","13 ","293_9842","6384.74994241319","False","2018-04-30 11:20:49","1","0","0","0","0","0","0","2","0","0","0","0","0","0","0","0","0","0","0","2","2","2","0","0","0","0","0","0","0","0","0","Y"
"1724713","13129","2017-11-26 00:00:00","11","26","2017","1","17","5P ","26","Multnomah","247","Portland SW","57","PORTLAND UA    ","11","U INTRST","True","061","  ","STADIUM FREEWAY","1","0","MN","0","R","","006100100S00","45","30","36.390000000000000","-122","41","14.980000000000000","45.510108333333000","-122.687494444444333","","","","","00323  ","STADIUM FY                  ","","09558  ","WB EX SW 12TH AV C1         ","","1","","4","1.23","50","5","CURVE   ","False","","","False","False","False","6","","1","RSDMD","03","C","S-STRGHT  ","5","SS-O    ","5","PDO","3","RAIN","2","WET ","5","DUSK","099","UNKNOWN   ","True","0","NONE  ","","","","","","","13","IMP LN C","","","","","","","False","False","False","False","False","9","Over 200,000","2","PORTLAND HWY SYSTEM","IS","405  ","IS 405    ","1","02B","293_5700","306.200203470151","False","2018-08-08 09:08:04","2","0","0","0","0","0","0","3","0","0","0","0","0","0","0","0","0","0","0","3","3","0","0","3","0","0","0","0","0","0","0","N"
"1724747","01699","2017-05-03 00:00:00","05","03","2017","4","11","11A","24","Marion","184","Salem","67","SALEM-KZ UA    ","14","U PR-ART","True","","","","","","","","","","","44","55","57.570000000000000","-123","2","32.400000000000000","44.932658333332667","-123.042333333333333","","","","","01432  ","LIBERTY ST SE               ","","01553  ","MISSION ST SE               ","","1","130","6","","","3","STRGHT  ","False","","","True","False","False","3","","0","NONE ","08","E","S-1STOP   ","3","REAR    ","4","INJ","1","CLR ","1","DRY ","1","DAY ","015","ONE-WAY   ","True","3","CITY  ","","","","","","","07","TOO-CLOS","","","","","0","0","False","False","False","False","False","8","100,001 to 200,000","3","URBAN CITY STREET ","","","","2","03 ","53_10004091","156.372801029269","False","2018-08-08 08:46:56","2","0","0","0","2","2","0","1","0","0","0","0","0","0","0","0","0","0","0","3","3","3","0","0","0","0","0","0","0","0","0","N"
"1724845","00021","2017-01-09 00:00:00","01","09","2017","2","13","1P ","33","Wasco","210","The Dalles","81","THE DLLS UA    ","11","U INTRST","True","002","  ","COLUMBIA RIVER","2","0","MN","0","R","","000200200S00","45","36","4.280000000000000","-121","10","34.200000000000000","45.601188888888000","-121.176166666666667","","","","","00408  ","COLUMBIA RIVER HY           ","","09109  ","WB EF LEWIS ST C4           ","","1","","7","85.15","55","3","STRGHT  ","False","","","False","False","False","4","","1","RSDMD","05","C","S-STRGHT  ","5","SS-O    ","5","PDO","2","CLD ","3","SNO ","1","DAY ","099","UNKNOWN   ","True","1","STATE ","071","MAIN EQP  ","012","MV TOWED  ","069","EQP WORK  ","06","IMP-OVER","","","","","0","0","False","False","False","False","False","5","10,001 to 25,000","4","URBAN HWY SYSTEM","IS","84   ","I-84      ","4","09 ","293_3830","4718.34531175337","False","2018-08-08 08:54:47","2","0","0","0","0","0","0","1","0","0","0","0","0","0","0","0","0","0","0","1","1","1","0","0","0","0","0","0","0","0","0","N"
"1724879","80027","2017-01-23 00:00:00","01","23","2017","2","17","5P ","25","Morrow","","","","","01","R INTRST","True","002","  ","COLUMBIA RIVER","1","0","MN","0","R","","000200100S00","45","48","7.570000000000000","-119","59","29.200000000000000","45.802102777777000","-119.991444444444333","","","","","","                            ","","","                            ","","","","0","149.9","70","3","STRGHT  ","False","","","False","False","False","4","","2","DIVMD","03","7","ANIMAL    ","&","OTH     ","5","PDO","1","CLR ","2","WET ","3","DARK","000","NONE      ","True","2","COUNTY","035","DEER ELK  ","","","","","12","OTHER   ","","","","","0","0","False","False","False","False","False","","","5","RURAL HWY SYSTEM","IS","84   ","I-84      ","5","09 ","293_3849","2128.51385276431","False","2018-05-03 11:13:13","1","0","0","0","0","0","0","1","0","0","0","0","0","0","0","0","0","0","0","1","1","1","0","0","0","0","0","0","0","0","0","N"
"1724913","00001","2017-01-08 00:00:00","01","08","2017","1","16","4P ","13","Harney","","","","","02","R PR-ART","True","049","  ","LAKEVIEW-BURNS","1","0","MN","0","R","","004900100S00","43","22","51.940000000000000","-119","39","42.260000000000000","43.381094444443667","-119.661738888888000","","","","","","                            ","","","                            ","","","","0","14","65","3","STRGHT  ","True","","","False","False","False","2","","0","NONE ","06","8","FIX OBJ   ","9","FIX     ","5","PDO","2","CLD ","4","ICE ","1","DAY ","099","UNKNOWN   ","True","5","NO RPT","077","SNO BANK  ","010","SUB OTRN  ","124","SLIPPERY  ","01","TOO-FAST","","","","","","","False","False","False","True","False","","","5","RURAL HWY SYSTEM","US","395  ","US 395    ","5","11 ","293_10530","20509.3235219213","False","2018-05-03 11:13:16","1","0","0","0","0","0","0","2","0","0","0","0","0","0","0","0","0","0","0","2","2","2","0","0","0","0","0","0","0","0","0","Y"
"1724922","00114","2017-03-14 00:00:00","03","14","2017","3","16","4P ","05","Columbia","172","Rainier","61","RAINIER UA     ","17","U MJ-COL","False","","","","","","","","","","","46","5","31.100000000000000","-122","56","51.550000000000000","46.091972222221333","-122.947652777777333","","","","","00201  ","B ST                        ","","08709  ","W 9TH ST                    ","","1","100","8","","","2","ALLEY   ","False","","","False","False","False","2","","0","NONE ","07","B","ANGL-OTH  ","6","TURN    ","4","INJ","3","RAIN","2","WET ","1","DAY ","099","UNKNOWN   ","True","5","NO RPT","","","","","","","02","NO-YIELD","","","","","","","False","False","False","False","False","2","1,001 to 2,500","3","URBAN CITY STREET ","","","","2","01 ","34_803589","131.2985275929","False","2018-08-08 08:43:42","2","0","0","0","1","1","0","2","0","0","0","0","0","0","0","0","0","0","0","3","3","2","0","1","0","0","0","0","0","0","0","N"
"1724947","08694","2017-08-11 00:00:00","08","11","2017","6","15","3P ","26","Multnomah","243","Portland NE","57","PORTLAND UA    ","11","U INTRST","True","002","  ","COLUMBIA RIVER","2","0","MN","0","R","","000200200S00","45","32","51.300000000000000","-122","32","50.020000000000000","45.547583333333333","-122.547227777777333","","","","","00305  ","BANFIELD FY                 ","","09531  ","WB BNFLD-NB E PTLD          ","","1","","3","7.29","55","3","STRGHT  ","False","","","False","False","False","6","","1","RSDMD","07","C","S-STRGHT  ","3","REAR    ","5","PDO","1","CLR ","1","DRY ","1","DAY ","099","UNKNOWN   ","True","0","NONE  ","","","","","","","29","F AVOID ","","","","","","","False","False","False","False","False","9","Over 200,000","2","PORTLAND HWY SYSTEM","IS","84   ","I-84      ","1","02B","293_3967","314.176562109003","False","2018-08-08 09:08:03","2","0","0","0","0","0","0","3","0","0","0","0","0","0","0","0","0","0","0","3","3","0","0","3","0","0","0","0","0","0","0","N"
"1724956","00020","2017-02-16 00:00:00","02","16","2017","5","15","3P ","13","Harney","24","Burns","","","02","R PR-ART","True","007","  ","CENTRAL OREGON","1","0","MN","0","R","","000700100S00","43","34","43.100000000000000","-119","4","15.420000000000000","43.578638888888667","-119.070949999999667","","","","","01801  ","OREGON AVE                  ","","01901  ","PIERCE ST                   ","","1","","9","130.44","35","1","INTER   ","False","3","3-LEG  ","False","False","False","","0","","","02","B","ANGL-OTH  ","6","TURN    ","5","PDO","1","CLR ","1","DRY ","1","DAY ","004","STOP SIGN ","True","5","NO RPT","","","","","","","02","NO-YIELD","","","","","","","False","False","False","False","False","3","2,501 to 5,000","5","RURAL HWY SYSTEM","US","20   ","US 20     ","5","14 ","293_20230","0","False","2018-08-07 17:04:55","2","0","0","0","0","0","0","3","0","0","0","0","0","0","0","0","0","0","0","3","3","3","0","0","0","0","0","0","0","0","0","N"
"1725011","08907","2017-08-17 00:00:00","08","17","2017","5","12","12P","26","Multnomah","243","Portland NE","57","PORTLAND UA    ","11","U INTRST","True","002","  ","COLUMBIA RIVER","1","0","MN","0","R","","000200100S00","45","31","34.360000000000000","-122","39","33.200000000000000","45.526211111110667","-122.659222222222000","","","","","00305  ","BANFIELD FY                 ","","09509  ","EB EF NE GRAND C1           ","","1","","7","0.6","50","3","STRGHT  ","False","","","False","False","False","4","","1","RSDMD","03","C","S-STRGHT  ","3","REAR    ","5","PDO","1","CLR ","1","DRY ","1","DAY ","099","UNKNOWN   ","True","0","NONE  ","","","","","","","29","F AVOID ","","","","","","","False","False","False","False","False","9","Over 200,000","2","PORTLAND HWY SYSTEM","IS","84   ","I-84      ","1","02B","293_3762","368.791838539972","False","2018-08-08 09:08:03","2","0","0","0","0","0","0","2","0","0","0","0","0","0","0","0","0","0","0","2","2","0","0","2","0","0","0","0","0","0","0","N"
"1725045","00709","2017-04-08 00:00:00","04","08","2017","7","13","1P ","09","Deschutes","19","Bend","9","BEND UA        ","14","U PR-ART","True","","","","","","","","","","","44","3","32.040000000000000","-121","15","49.940000000000000","44.058900000000000","-121.263872222222000","","","","","08327  ","E 27TH ST                   ","","00820  ","FORUM DR                    ","","1","100","1","","","3","STRGHT  ","False","","","True","False","False","4","","1","RSDMD","08","C","S-STRGHT  ","3","REAR    ","4","INJ","1","CLR ","1","DRY ","1","DAY ","099","UNKNOWN   ","True","0","NONE  ","","","","","","","29","F AVOID ","","","","","","1","False","False","False","False","False","7","50,001 to 100,000","3","URBAN CITY STREET ","","","","4","10 ","11_10016903","159.42929384061","False","2018-08-07 17:04:13","2","0","0","0","1","1","0","3","0","0","0","0","0","0","0","0","0","0","0","4","4","4","0","0","0","0","0","0","0","0","0","N"
"1725054","01765","2017-05-07 00:00:00","05","07","2017","1","01","1A ","24","Marion","184","Salem","67","SALEM-KZ UA    ","17","U MJ-COL","False","","","","","","","","","","","44","54","47.580000000000000","-123","2","11.110000000000000","44.913216666666000","-123.036419444444333","","","","","00805  ","FAIRVIEW AVE SE             ","","02260  ","SUMMER ST SE                ","","1","0","9","","","1","INTER   ","False","3","3-LEG  ","False","False","False","","0","","","03","B","ANGL-OTH  ","6","TURN    ","4","INJ","1","CLR ","1","DRY ","2","DLIT","004","STOP SIGN ","True","3","CITY  ","087","FIRE/EXP  ","","","","","02","NO-YIELD","","","","","0","0","False","False","False","False","True","8","100,001 to 200,000","3","URBAN CITY STREET ","","","","2","03 ","53_10003911","430.712899999999","False","2018-08-08 08:46:56","2","0","0","0","2","2","0","0","0","0","0","0","0","0","0","0","0","0","0","2","2","0","0","2","0","0","0","0","0","0","0","N"
"1725079","00037","2017-01-08 00:00:00","01","08","2017","1","15","3P ","23","Malheur","","","","","01","R INTRST","True","006","  ","OLD OREGON TRAIL","2","0","MN","0","R","","000600200S00","44","18","4.530000000000000","-117","14","13.230000000000000","44.301258333333000","-117.237008333333333","","","","","","                            ","","","                            ","","","","0","352.02","70","5","CURVE   ","False","","","False","False","False","4","","2","DIVMD","04","C","S-STRGHT  ","3","REAR    ","5","PDO","6","SNOW","4","ICE ","5","DUSK","099","UNKNOWN   ","True","5","NO RPT","","","","","","","29","F AVOID ","","","","","","","False","False","False","False","False","","","5","RURAL HWY SYSTEM","IS","84   ","I-84      ","5","14 ","293_8581","104.400740796293","False","2018-05-03 11:13:27","2","0","0","0","0","0","0","3","0","0","0","0","0","0","0","0","0","0","0","3","3","2","0","1","0","0","0","0","0","0","0","N"
"1725088","00374","2017-04-17 00:00:00","04","17","2017","2","13","1P ","17","Josephine","80","Grants Pass","31","GRNTS PS UA    ","14","U PR-ART","True","025","  ","REDWOOD","2","0","MN","0","R","","002500200S00","42","25","23.870000000000000","-123","20","24.650000000000000","42.423297222221667","-123.340180555555333","","","","","02118  ","REDWOOD HY                  ","","02120  ","RINGUETTE ST                ","","1","","6","0.66","45","3","STRGHT  ","False","","","True","False","False","4","","2","DIVMD","04","E","S-1STOP   ","3","REAR    ","4","INJ","2","CLD ","2","WET ","1","DAY ","099","UNKNOWN   ","True","3","CITY  ","","","","","","","07","TOO-CLOS","29","F AVOID ","","","0","0","False","False","False","False","False","6","25,001 to 50,000","4","URBAN HWY SYSTEM","US","199  ","US 199    ","3","08 ","293_1807","103.909529945842","False","2018-08-07 17:53:00","2","0","0","0","1","1","0","1","0","0","0","0","0","0","0","0","0","0","0","2","2","2","0","0","0","0","0","0","0","0","0","N"
"1725113","01783","2017-05-08 00:00:00","05","08","2017","2","15","3P ","24","Marion","184","Salem","67","SALEM-KZ UA    ","16","U MN-ART","False","","","","","","","","","","","44","57","31.470000000000000","-122","59","26.470000000000000","44.958741666666000","-122.990686111110333","","","","","01017  ","HAWTHORNE AVE NE            ","","01443  ","LIVINGSTON ST NE            ","","1","82","5","","","3","STRGHT  ","True","","","False","False","False","2","","0","NONE ","08","8","FIX OBJ   ","9","FIX     ","4","INJ","1","CLR ","1","DRY ","1","DAY ","099","UNKNOWN   ","True","3","CITY  ","079","DITCH     ","062","TREE      ","072","OTHER WALL","32","CARELESS","27","INATTENT","","","0","0","False","False","False","False","False","8","100,001 to 200,000","3","URBAN CITY STREET ","","","","2","03 ","53_10002247","1811.35468547855","False","2018-08-08 08:46:56","1","0","0","1","0","1","0","0","0","0","0","0","0","0","0","0","0","0","0","1","1","1","0","0","0","0","0","0","0","0","1","Y"